Model,Fold,MAE,RMSE,R2,Training Time (s),Inference Time (s)
Quantum Neural Network,1,8.237843,9.566259,0.000111,6068.795968,7.441266
Quantum Neural Network,2,9.378391,10.913845,-0.039539,6137.737278,8.443813
Quantum Neural Network,3,10.519798,12.720043,-0.257734,6098.287824,7.547204
Quantum Neural Network,4,8.843867,10.454855,-0.017373,6105.094417,7.953054
Quantum Neural Network,5,10.959345,13.217879,-0.195795,6132.975512,7.652797
